ID,Name,Station,FirstCategory,SecondCategory,TotalRating
1,Orudeidainingurajou  ,Kyoto,Buffet style,Cafe,3.39
2,Steak Frites Gaspard zinzin  ,Karasuma,Bistro,Steak,3.18
3,KAZUMA  ,Sanjo,Izakaya (Tavern),Japanese food (other),3.28
4,okonomiyakiteppanyakimiki  ,Tambaguchi,Okonomiyaki,Izakaya (Tavern),3.14
5,Shaofeiyan  ,Kyoto Shiyakusho Mae,Chinese hot pot / fire pot,Chinese,3.16
6,okuta-va  ,Kyoto,Bar,Italian,3.08
7,Resort dining&bar HaLe  ,Sanjo,Italian,Bar,3.04
8,Sumika  ,Kawaramachi,Izakaya (Tavern),Creative cuisine,3.34
9,Gayagaya  ,Sanjo,Izakaya (Tavern),Bar,3.03
10,Ishibekoujimamecha  ,Gion Shijo,Izakaya (Tavern),Kyoto Cuisine,3.56
11,nagoyako-chintokoshitsuizakayatorisai  ,Sanjo,Izakaya (Tavern),Japanese food (other),3.04
12,Gionabesu  ,Gion Shijo,French,Italian,3.58
13,nishikimachinoakarishoutengai  ,Karasuma,Izakaya (Tavern),Bar,3
14,gionni-yongo  ,Sanjo Keihan,Italian,French,3.85
15,Mumon  ,Karasuma Oike,Shabu Shabu (Japanese Steamboat),Fugu (Blowfish),3.05
16,itariandainingutoreotto  ,Saiin,Italian,Dining bar,3.04
17,Sukiyakisunibiizakayahokuto  ,Kyoto,Sukiyaki,Yakitori (Grilled chicken),3.09
18,Sakaean  ,Karasuma,Izakaya (Tavern),Nihonshu (Japanese sake),3.09
19,biakicchinnikubarujikabiyajikabiya  ,Kawaramachi,Bar,Izakaya (Tavern),3.06
20,ANAGOYA NORESORE  ,Nijojo Mae,Izakaya (Tavern),Seafood,3.5
21,bejo-tamucho  ,Shijo,Spain,Izakaya (Tavern),3.16
22,TENTATION  ,Sanjo,Bistro,Italian,3.06
23,Izakayariraku  ,Karasuma,Yakitori (Grilled chicken),Fowl,3.03
24,kyoutohyouto  ,Karasuma,Pork Shabu Shabu,Shabu Shabu (Japanese Steamboat),3.64
25,Robatayagaburi  ,Karasuma,Izakaya (Tavern),Seafood,3.09
26,Kushiyachouemon  ,Karasuma,Izakaya (Tavern),Yakitori (Grilled chicken),3.03
27,Torattoriaviare  ,Kiyomizu Gojo,Italian,Western Cuisine,3.44
28,Komefuku  ,Sanjo,Tempura,Seafood,3.06
29,Togiya  ,Kyoto Shiyakusho Mae,Izakaya (Tavern),Chinese,3.08
30,kushiyakimanten  ,Sanjo,Yakitori (Grilled chicken),Kyoto Cuisine,3.35
31,Kurogewagyuutenshou  ,Marutamachi,Yakiniku (BBQ Beef),Sukiyaki,3.5
32,Chizutakkarubikoshitsubaruvino  ,Sanjo,Izakaya (Tavern),Dining bar,3.17
33,teppandainingukyoushikian  ,Gion Shijo,Teppanyaki,Steak,3.06
34,Yasuma  ,Kawaramachi,Izakaya (Tavern),Kyoto Cuisine,3.02
35,In the Soup.  ,Gion Shijo,Bar,Bistro,3.02
36,Gionyakinikukokoro  ,Gion Shijo,Yakiniku (BBQ Beef),Horumon (BBQ Offel),3.06
37,daininguba-daburyu-  ,Gion Shijo,Kappo (Traditional Japanese),Steak,3.25
38,Kyoutodaina  ,Karasuma,Bistro,Bar,3.54
39,Zasoudouhigashiyamakyouto  ,Gion Shijo,Italian,Pasta,3.61
40,Gokyou  ,Jujo,Yakiniku (BBQ Beef),Horumon (BBQ Offel),3.04
41,Ichifuji  ,Shijo,Izakaya (Tavern),Kappo (Traditional Japanese),3.05
42,Tsukihikarasuma  ,Shijo,Izakaya (Tavern),Creative cuisine,3.17
43,Kyoutotempuraendou  ,Higashiyama,Tempura,Kaiseki (Traditional Japanese),3.55
44,Resutoraniro  ,Karasuma,Izakaya (Tavern),Creative cuisine,3.08
45,Shuteimichiya  ,Karasuma Oike,Izakaya (Tavern),Seafood,3.06
46,Trattoria La Pace  ,Karasuma,Italian,Pizza,3.51
47,Izakayabambu  ,Kyoto,Izakaya (Tavern),Kappo (Traditional Japanese),3.02
48,Peppa  ,Kawaramachi,Okinawan Cuisine,Izakaya (Tavern),3.08
49,Banikuryourisemmontenumayarou  ,Kawaramachi,Yakiniku (BBQ Beef),Shabu Shabu (Japanese Steamboat),3.51
50,Teppanryourihanaroku  ,Gojo,Teppanyaki,Kyoto Cuisine,3.47
51,Kyoutohanabi  ,Karasuma,Izakaya (Tavern),Japanese food (other),3.12
52,Kyoutohananomai  ,Kyoto,Izakaya (Tavern),Seafood,3.04
53,pontochoutanrakuyatoriume  ,Sanjo,Yakitori (Grilled chicken),Izakaya (Tavern),3.05
54,Osakanadekoboko  ,Kyoto,Izakaya (Tavern),Seafood,3.42
55,Sunny  ,Sanjo,Dining bar,Steak,3.48
56,Gochiya  ,Kyoto,Izakaya (Tavern),Creative cuisine,3.18
57,Shusaijoujou  ,Kyoto,Creative cuisine,Izakaya (Tavern),3.03
58,o-rudeidainingukaza  ,Kyoto,Buffet style,Cafe,3.41
59,Yakinikudainingukinoe  ,Kyoto Shiyakusho Mae,Yakiniku (BBQ Beef),Korean cuisine,3.58
60,Manjirou  ,Gion Shijo,Kaiseki (Traditional Japanese),Kyoto Cuisine,3.57
61,Sakayaagurema  ,Sanjo,Izakaya (Tavern),Sukiyaki,3.03
62,chuugokuryourichimmin  ,Gion Shijo,Chinese,Dim sum,3.5
63,Hanasaki  ,Karasuma,Kyoto Cuisine,Kaiseki (Traditional Japanese),3.58
64,nikushokusakabagaru  ,Gion Shijo,Bar,Sumibiyaki,3.04
65,furenchidainingutoppuobukyouto  ,Kyoto,French,Restaurants (other),3.07
66,takaradoukarasuma  ,Shijo,Izakaya (Tavern),Sukiyaki,3.05
67,Ikedayahananomai  ,Kyoto Shiyakusho Mae,Izakaya (Tavern),Kyoto Cuisine,3.07
68,Kyoutogiontempurayasakaendou  ,Gion Shijo,Tempura,Kaiseki (Traditional Japanese),3.68
69,Ryoumashamonoujou  ,Kyoto,Izakaya (Tavern),Yakitori (Grilled chicken),3
70,Komefuku  ,Karasuma,Tempura,Ten-don (Tempura Bowl),3.55
71,Gionkyouryourihanasaki  ,Gion Shijo,Kyoto Cuisine,Kaiseki (Traditional Japanese),3.5
72,Izakayashinoomiya  ,Shijo Omiya,Izakaya (Tavern),Kushi-age (Fried Skewer),3.14
73,Ittetsugurache  ,Karasuma,Yakiniku (BBQ Beef),Bar,3.52
74,Ichishun  ,Kyoto,Izakaya (Tavern),Japanese food (other),3.53
75,Nikokubaru  ,Keihan Yamashina,Izakaya (Tavern),Kushi-age (Fried Skewer),3.03
76,Teppansakuwan  ,Saiin,Teppanyaki,Izakaya (Tavern),3.04
77,RIGOLETTO SMOKE GRILL & BAR  ,Gion Shijo,Italian,Spain,3.52
78,Kugurinaberoppakuya  ,Karasuma,Izakaya (Tavern),Japanese food (other),3.08
79,Kyouryouritategami  ,Marutamachi,Kyoto Cuisine,Kaiseki (Traditional Japanese),3.51
80,Pontochourobin  ,Sanjo,Kyoto Cuisine,Kaiseki (Traditional Japanese),3.48
81,BELLOTA concha  ,Kawaramachi,Spain,Italian,3.16
82,Bejitejiya  ,Gion Shijo,Yakiniku (BBQ Beef),Korean cuisine,3.11
83,Matsuzakagyuuwattsuzakicchin  ,Gion Shijo,Steak,Sushi,3.06
84,Sushidokoroima  ,Katsura,Sushi,Seafood,3.53
85,Maribuagaru  ,Karasuma,Izakaya (Tavern),Japanese food (other),3.1
86,Italian bar Lugol  ,Karasuma Oike,Italian,Pasta,3.03
87,Takishokudou  ,Shijo,Dining bar,Izakaya (Tavern),3.02
88,Bar Pleasure  ,Kawaramachi,Bar,Wine bar,3
89,Sou  ,Shijo,Izakaya (Tavern),Creative cuisine,3.55
90,Kaisenizakayamatsurishungyotokyouyasaitoosakenoomise  ,Kawaramachi,Izakaya (Tavern),Seafood,3.03
91,Momojirou  ,Fukakusa,Izakaya (Tavern),Chanko Nabe (Sumo Wrestlers Hot Pot),3.04
92,Yakinikusakayaisshin  ,Rokujizo,Yakiniku (BBQ Beef),Izakaya (Tavern),3.1
93,Kyouhonoka  ,Sanjo,Izakaya (Tavern),Creative cuisine,3.01
94,Ampan  ,Karasuma Oike,Korean cuisine,Yakiniku (BBQ Beef),3.08
95,rino  ,Karasuma Oike,Italian,Pasta,3.2
96,REAL NETA DINING ICHIZ  ,Tambaguchi,Italian,Izakaya (Tavern),3.05
97,nikubaruginjirou  ,Gion Shijo,Bar,Steak,3.06
98,Kushikatsutanaka  ,Saiin,Kushi-age (Fried Skewer),Izakaya (Tavern),3.02
99,nihonshusumiyakiyaiki  ,Fushimi Momoyama,Izakaya (Tavern),Kappo (Traditional Japanese),3.04
100,Taketori  ,Hanazono,Fowl,Yakitori (Grilled chicken),3.06
101,Pierupureshiuzu  ,Karasuma Oike,French,Western Cuisine,3.06
102,Yamadaruma  ,Karasuma Oike,Izakaya (Tavern),Seafood,3.03
103,unagihitsumabushisumiyagura  ,Kawaramachi,Unagi (Freshwater eel),Kyoto Cuisine,3.21
104,pittsuxeriaba-rurenapori  ,Karasuma,Italian,Pizza,3.37
105,kyoutoufusousakuhirarinteikakurean  ,Kyoto,Izakaya (Tavern),Tofu,3
106,Yakinikusebun  ,Tambaguchi,Yakiniku (BBQ Beef),Horumon (BBQ Offel),3.3
107,Kushiyakimanten  ,Karasuma,Yakitori (Grilled chicken),Izakaya (Tavern),3.07
108,Yakinikuichiba  ,Chayama,Yakiniku (BBQ Beef),Horumon (BBQ Offel),3.04
109,Pizzeria e Bar La Voce  ,Kawaramachi,Italian,Pizza,3.18
110,Nyavetonamu  ,Kyoto,Viet Nam cuisine,Cafe,3.04
111,Taishuusakabatenuzumasatenjingawaten  ,Uzumasa Tenjingawa,Izakaya (Tavern),Yakitori (Grilled chicken),3.02
112,hoterukeihankyoutogurandeokujoubiaga-den  ,Kyoto,Beer garden,Beer,3.05
113,Gionramburu  ,Gion Shijo,Kyoto Cuisine,Creative cuisine,3.56
114,Shisui  ,Sanjo,Izakaya (Tavern),Kyoto Cuisine,3
115,gyouzaba-anzukko  ,Kyoto Shiyakusho Mae,Dumplings,Chinese,3.08
116,jukuseiyakinikupondo  ,Shijo Omiya,Yakiniku (BBQ Beef),Horumon (BBQ Offel),3.28
117,KORAN  ,Sai,Korean cuisine,Yakiniku (BBQ Beef),3.12
118,Kyoutonijoutosaka  ,Marutamachi,Kappo (Traditional Japanese),Japanese food (other),3.53
119,YAMAMURA GYUUBEI  ,Omiya,Izakaya (Tavern),Italian,3.06
120,Poquito  ,Kyoto Shiyakusho Mae,Spain,Dining bar,3.51
121,Machiyashisenhoshitsukiyo  ,Omiya,Sichuan Cuisine,Shanghai Cuisine,3.53
122,Ameirobisutoroaruru  ,Nishi Maizuru,Italian,Cafe,3.05
123,LODGE  ,Kyoto Shiyakusho Mae,Steak,Izakaya (Tavern),3.06
124,Yosuke YAMAJI  ,Gion Shijo,French,Modern French,4.02
125,Feliz-Lana  ,Karasuma,Italian,Bar,3.2
126,Wakanoshizuku  ,Sanjo,Izakaya (Tavern),Chanko Nabe (Sumo Wrestlers Hot Pot),3.02
127,fujiyakyoushoku  ,Kyoto Shiyakusho Mae,Izakaya (Tavern),Japanese food (other),3.04
128,Teramachiyoshikura  ,Demachiyanagi,Kaiseki (Traditional Japanese),Kyoto Cuisine,3.16
129,sakanaryouritosakeshinsengumi  ,Fushimi,Izakaya (Tavern),Seafood,3.28
130,bisutorowaraku  ,Karasuma,Bistro,Bar,3.2
131,Uroko  ,Kawaramachi,Izakaya (Tavern),Japanese food (other),3.07
132,Ipponyari  ,Fujinomori,Fugu (Blowfish),Kappo (Traditional Japanese),3.08
133,Higashinotouinsou  ,Karasuma Oike,Kappo (Traditional Japanese),Japanese food (other),3.15
134,hokkorisakabanagomiya  ,Shijo Omiya,Izakaya (Tavern),Yakitori (Grilled chicken),3.06
135,teppandainingugionshou  ,Gion Shijo,Izakaya (Tavern),Teppanyaki,3.02
136,Charcoal  ,Shijo,Italian,Bar,3.53
137,rakuenzakayaannachuraru  ,Demachiyanagi,Izakaya (Tavern),Dining bar,3
138,Gionemon  ,Higashiyama,Sushi,Kappo (Traditional Japanese),3.48
139,Momojirou  ,Keihan Yamashina,Izakaya (Tavern),Seafood,3.08
140,Kizakurajirokutei  ,Sanjo,Izakaya (Tavern),Kyoto Cuisine,3.2
141,torisemmontenyamadori  ,Kyoto,Yakitori (Grilled chicken),Sukiyaki,3.38
142,satsumachirandorikuroyakibeppinya  ,Karasuma,Izakaya (Tavern),Fowl,3.48
143,zensekikoshitsuizakayasakurazaka  ,Sanjo,Izakaya (Tavern),Seafood,3
144,Chiritorinabeiyama  ,Kitano Hakubaicho,Chiritori nabe (tripe),Korean cuisine,3.52
145,Mayonakashokudouchoujuugigarokkaku  ,Karasuma Oike,Izakaya (Tavern),Fowl,3.06
146,Bankettonishiki  ,Karasuma,Japanese food (other),Izakaya (Tavern),3.15
147,Roppakuyakado  ,Karasuma,Izakaya (Tavern),Wine bar,3.06
148,Parinijuuikku  ,Kawaramachi,Steak,Beer,3.15
149,ajidokorosamon  ,Sai,Izakaya (Tavern),Okinawan Cuisine,3.05
150,Ajidokoroterasaki  ,Kyoto,Kaiseki (Traditional Japanese),Seafood,3.52
151,STRADA  ,Kyoto Shiyakusho Mae,Italian,NA,3
152,Nonkitei  ,Gion Shijo,Kappo (Traditional Japanese),Creative cuisine,3.47
153,kyouryourikaji  ,Marutamachi,Kyoto Cuisine,Kaiseki (Traditional Japanese),3.56
154,nikugaumaikafenikkusutokku  ,Tambaguchi,Cafe,Steak,3.19
155,momojirouichiba  ,Kitano Hakubaicho,Izakaya (Tavern),Seafood,3.05
156,Waraiya  ,Kawaramachi,Izakaya (Tavern),Yakitori (Grilled chicken),3.09
157,Ryouma  ,Karasuma Oike,Izakaya (Tavern),Seafood,3.03
158,Nihonryouriukihashi  ,Kyoto,Kaiseki (Traditional Japanese),Kyoto Cuisine,3.53
159,Sushiyoshino  ,Sanjo,Sushi,Kappo (Traditional Japanese),3.06
160,Tsuneo  ,Gion Shijo,Kappo (Traditional Japanese),Wine bar,3.52
161,KYOTO GATTEN  ,Gion Shijo,Tempura,Sushi,3.09
162,Figerasu  ,Gion Shijo,Spain,Bar,3.06
163,LOTUS  ,Shijo,Italian,Izakaya (Tavern),3.42
164,Saredokafe  ,Kyoto,Cafe,Crepes,3.11
165,Kushinobou  ,Kyoto,Kushi-age (Fried Skewer),NA,3.06
166,Kaisendokoroichi  ,Karasuma,Izakaya (Tavern),Seafood,3.08
167,Kyuushuunecchuuya  ,Omiya,Izakaya (Tavern),Dumplings,3.08
168,Nosutarujia  ,Kyoto Shiyakusho Mae,Dining bar,Italian,3.04
169,sakesakanatanagokoro  ,Gojo,Izakaya (Tavern),Japanese food (other),3.06
170,mo-shondaina-  ,Kyoto Shiyakusho Mae,Cafe,Burger,3.12
171,Sumibikushiyakitsujiya  ,Kawaramachi,Yakitori (Grilled chicken),Izakaya (Tavern),3.05
172,Tenshinchashitsu  ,Kyoto,Shanghai Cuisine,Cantonese Cuisine,3.54
173,Haiborubakyoutokarasumaichikyuuniisan  ,Karasuma,Bar,Bar,3.22
174,Oumigyuuyakinikumeitokuya  ,Jujo,Yakiniku (BBQ Beef),NA,3
175,Mukadeya  ,Karasuma,Kyoto Cuisine,Japanese food (other),3.07
176,Hanagokoro  ,Hanazono,Kyoto Cuisine,Shojin Cuisine (Buddhist Cuisine),3.08
177,Rakuza  ,Kyoto,Izakaya (Tavern),Seafood,3.22
178,Monakadou  ,Kawaramachi,Izakaya (Tavern),Creative cuisine,3.07
179,kyoutoayanokoujimangetsunohana  ,Karasuma,Sweets,Japanese food (other),3.26
180,shunsaibaruiberiko  ,Sanjo,Dining bar,Creative cuisine,3.05
181,Ikiikiudon  ,Karasuma Oike,Udon,Japanese food (other),3.18
182,zasera-kyouto  ,Kyoto Shiyakusho Mae,Dining bar,Kappo (Traditional Japanese),3.05
183,Daikokuebisu  ,Saiin,Yakiniku (BBQ Beef),Korean cuisine,3.06
184,kaitoshirowainnobarukakimaru  ,Kyoto,Bar,Italian,3
185,chisouyouga  ,Gojo,Kaiseki (Traditional Japanese),Kyoto Cuisine,3.63
186,Kushiyamonogatari  ,Kyoto,Kushi-age (Fried Skewer),Izakaya (Tavern),3
187,nihonshubarujinsuke  ,Karasuma,Izakaya (Tavern),Seafood,3.05
188,Hanatanuki  ,Nishioji Oike,Izakaya (Tavern),Okonomiyaki,3.01
189,izakayaba-shiba  ,Gion Shijo,Izakaya (Tavern),Japanese food (other),3.03
190,Satsumagokamon  ,Karasuma,Izakaya (Tavern),Sukiyaki,3.07
191,Kyoutoyamanashiyakitorikanazawa  ,Keihan Yamashina,Izakaya (Tavern),Yakitori (Grilled chicken),3.06
192,Himiko  ,Higashi Maizuru,Izakaya (Tavern),Seafood,3.12
193,koshitsuichiammasamunebettei  ,Gion Shijo,Izakaya (Tavern),Dining bar,3.06
194,CHULETA  ,Gion Shijo,Spain,Bar,3.58
195,GRILL&PUB The NICK STOCK  ,Sanjo,Steak,Bar,3
196,Choushuuryourikyoumon  ,Sanjo,Kyoto Cuisine,Kaiseki (Traditional Japanese),3.07
197,Brochette  ,Karasuma Oike,Western (Others),French,3.55
198,Ilifune  ,Jingu Marutamachi,Dining bar,Italian,3.06
199,Satsuki  ,Kyoto Shiyakusho Mae,Kyoto Cuisine,Kaiseki (Traditional Japanese),3.51
200,Kaitoshirowainnobarukakimaru  ,Saiin,Bar,Izakaya (Tavern),3.04
201,Sandaimetorimero  ,Shijo,Izakaya (Tavern),Yakitori (Grilled chicken),3
202,Furenchibado  ,Kyoto Shiyakusho Mae,French,Bistro,3.06
203,BISTRO BAR A VIN  C  ,Shijo,Bistro,Seafood,3.51
204,Figerasu  ,Karasuma,Spain,Bar,3.04
205,Sorekaraayanokouji  ,Shijo,Izakaya (Tavern),Japanese food (other),3
206,nikugaumaikafenikkusutokku  ,Toji,Cafe,Steak,3.19
207,Teppankushiyakisakura  ,Chushojima,Izakaya (Tavern),Teppanyaki,3.05
208,TORIBUN  ,Kawaramachi,Izakaya (Tavern),Yakitori (Grilled chicken),3.02
209,Supuringubareburuwarikyouto  ,Kawaramachi,Dining bar,Cafe,3.53
210,Bistro SUMIRE Chinese   ,Gion Shijo,Chinese,Dim sum,3.35
211,Bisutoroemuiaru  ,Gion Shijo,Bistro,Italian,3.48
212,Daitouryou  ,Gion Shijo,Kyoto Cuisine,Kaiseki (Traditional Japanese),3.08
213,Nagomijun  ,Shijo,Kyoto Cuisine,Kaiseki (Traditional Japanese),3.15
214,Hiroya  ,Kurama,Kaiseki (Traditional Japanese),Kyoto Cuisine,3.59
215,Kenedhikurabu  ,Sanjo,Bar,Italian,3.04
216,zensekikoshitsuizakayataketorinoneiro  ,Kyoto,Izakaya (Tavern),Seafood,3
217,Miho  ,Shijo Omiya,Izakaya (Tavern),Okinawan Cuisine,3.12
218,Chabana  ,Kyoto,Okonomiyaki,Izakaya (Tavern),3.01
219,Akayashiro  ,Tambaguchi,Horumon (BBQ Offel),Yakiniku (BBQ Beef),3.52
220,Sousakukoshitsuizakayasugiurakyoutoekimaeshichijouten  ,Shichijo,Izakaya (Tavern),Seafood,3.18
221,Sakanayariichi  ,Keihan Yamashina,Izakaya (Tavern),Seafood,3.05
222,yasaidainingukusushi  ,Sanjo,Vegetable dishes,Izakaya (other),3.05
223,nikuyanodaidokoro  ,Sanjo,Yakiniku (BBQ Beef),Horumon (BBQ Offel),3
224,Miyagawachousaka  ,Gion Shijo,Italian,French,3.09
225,Kashiwa  ,Gion Shijo,Yakitori (Grilled chicken),Fowl,3.06
226,Iorisantouka  ,Emmachi,Izakaya (Tavern),Kyoto Cuisine,3.05
227,Kyuushuunecchuuya  ,Katsura,Izakaya (Tavern),Dumplings,3.03
228,kyoutokushidokoroazumaya  ,Sanjo,Yakitori (Grilled chicken),Izakaya (Tavern),3
229,Chizutakkarubitonichinandorisachi  ,Saiin,Izakaya (Tavern),Bar,3.04
230,Shunsaifujii  ,Kitaoji,Kappo (Traditional Japanese),Kaiseki (Traditional Japanese),3.35
231,Hitotose  ,Kyoto,Japanese food (other),Izakaya (Tavern),3
232,Bairan  ,Katsuragawa,Chinese,Dim sum,3.12
233,Setsugekka  ,Kyoto Shiyakusho Mae,Bar,Lounge,3.13
234,yakinikutobi-ruichibakouji  ,Karasuma,Yakiniku (BBQ Beef),Horumon (BBQ Offel),3.06
235,Sandaimetorimero  ,Shijo Omiya,Izakaya (Tavern),Yakitori (Grilled chicken),3.04
236,zensekikoshitsuizakayatsukinokakehashi  ,Kyoto,Izakaya (Tavern),Regional Cuisine (Other),3
237,tounyuutonshabutoratarou  ,Shijo,Kaiseki (Traditional Japanese),Shabu Shabu (Japanese Steamboat),3
238,Dainingunagomi  ,Keihan Yamashina,Izakaya (Tavern),Japanese food (other),3
239,Mossannobetayaki  ,Sai,Okonomiyaki,Horumon (BBQ Offel),3.51
240,gionnotonjiruyasanadachiya  ,Gion Shijo,Regional Cuisine (Other),Nihonshu (Japanese sake),3.15
241,Gottie'sBEEF  ,Gion Shijo,Steak,Yakiniku (BBQ Beef),3.09
242,pasutakorekushonandoba-dougetsuneo  ,Shijo,Izakaya (Tavern),Pasta,3.43
243,Shougetsu  ,Kawaramachi,Okonomiyaki,Teppanyaki,3.08
244,Kampaiboupuruda  ,Sanjo,Korean cuisine,Yakiniku (BBQ Beef),3
245,teppandainingugionshou  ,Karasuma,Izakaya (Tavern),Italian,3.03
246,Sajiki  ,Karasuma,Izakaya (Tavern),Japanese food (other),3
247,gansochiriteppanyakimotsunabeakachiriya  ,Kyoto,Motsu Nabe (Offel Hot Pot),Izakaya (Tavern),3.02
248,Nikumon  ,Omiya,Yakiniku (BBQ Beef),Izakaya (Tavern),3
249,pontochouyakinikuyaruki  ,Sanjo,Yakiniku (BBQ Beef),Bar,3.06
250,BAR-CERVECERIA xativa  ,Kyoto Shiyakusho Mae,Spain,Bar,3.45
251,Ginnan  ,Kyoto,Izakaya (Tavern),Tofu,3.05
252,Kyuushuunecchuuya  ,Fushimi Momoyama,Izakaya (Tavern),Dumplings,3
253,konken  ,Kawaramachi,Thailand cooking,Izakaya (Tavern),3.12
254,Yakinikuhorumonanju  ,Karasuma,Yakiniku (BBQ Beef),Korean cuisine,3
255,Yamabanaheihachidiya  ,Shugakuin,Kyoto Cuisine,Kaiseki (Traditional Japanese),3.56
256,Idutsuya  ,Karasuma Oike,Yakiniku (BBQ Beef),Horumon (BBQ Offel),3.28
257,Kyouyoushokumatsumoto  ,Karasuma,Western Cuisine,French,3.33
258,Ashuckurk  ,Demachiyanagi,Bistro,Bar,3
259,ITALIAN BAR MODERNTIMES  ,Marutamachi,Italian,Pizza,3.29
260,Aiyoxtsu  ,Karasuma Oike,Kushi-age (Fried Skewer),Izakaya (Tavern),3.05
261,Chanchi  ,Kyoto,Korean cuisine,Izakaya (Tavern),3.46
262,SHUKURA  ,Sanjo,Bar,Nihonshu (Japanese sake),3.06
263,mikusoroji-ba-sumu-su  ,Gion Shijo,Bar,Dining bar,3.05
264,Kinugawa  ,Gojo,Kappo (Traditional Japanese),Shabu Shabu (Japanese Steamboat),3.42
265,Momojirou  ,Demachiyanagi,Izakaya (Tavern),Seafood,3.01
266,daikouen  ,Tambaguchi,Yakiniku (BBQ Beef),Korean cuisine,3.21
267,Gounotora  ,Shijo,Izakaya (Tavern),Nihonshu (Japanese sake),3.16
268,Bejotamuamua  ,Karasuma Oike,Bar,Western (Others),3.1
269,Ichibakouji  ,Kawaramachi,Izakaya (Tavern),Steak,3.51
270,shioriyaichie  ,Kyoto Shiyakusho Mae,Izakaya (Tavern),Nihonshu (Japanese sake),3.07
271,Kitayama  ,Gion Shijo,Hot Pot (other),Kyoto Cuisine,3.02
272,Tempurashinjukutsunahachi  ,Kawaramachi,Tempura,Kaiseki (Traditional Japanese),3.02
273,yakinikuajidouraku  ,Higashi Maizuru,Yakiniku (BBQ Beef),Seafood,3.06
274,IL TOBANCHI  ,Karasuma Oike,Bar,Italian,3.18
275,Shikinoajisugiura  ,Karasuma,Izakaya (Tavern),Seafood,3.15
276,Kyoutoyakitoriseisakujo  ,Kawaramachi,Yakitori (Grilled chicken),Fowl,3.29
277,arashiyamakushibun  ,Shijo,Kushi-age (Fried Skewer),Izakaya (Tavern),3.21
278,Toriasa  ,Karasuma,Izakaya (Tavern),Yakitori (Grilled chicken),3.09
279,zensekikoshitsuizakayawazakurahitohira  ,Kyoto,Izakaya (Tavern),Seafood,3.02
280,saredowa  ,Kyoto,Izakaya (Tavern),Creative cuisine,3.38
281,gyokouchokusoukaisensakabaanji  ,Kawaramachi,Izakaya (Tavern),Seafood,3.53
282,Rejon  ,Kawaramachi,French,Bistro,3.4
283,Maruichi  ,Sanjo,Yakiniku (BBQ Beef),Korean cuisine,3.02
284,Osakenobijutsukan  ,Kyoto Shiyakusho Mae,Bar,Dining bar,3.06
285,wainandooyasaibarubejibaru  ,Shijo,Italian,Wine bar,3.51
286,kaitoshirowainnobarukakimaru  ,Kawaramachi,Bar,Izakaya (Tavern),3.31
287,Yudoufutakemura  ,Arashiyama,Tofu,Yuba,3.5
288,ajiromanishigamatei  ,Gion Shijo,Izakaya (Tavern),Kyoto Cuisine,3.12
289,Giombansankyoushoku  ,Gion Shijo,Izakaya (Tavern),Tempura,3
290,Kyouhorumonhana  ,Kujo,Izakaya (Tavern),Horumon (BBQ Offel),3.06
291,Bar PLAYGROUND  ,Imadegawa,Bar,Wine bar,3.06
292,Kyameron  ,Kawaramachi,Steak,French,3.07
293,Sumibikazuya  ,Kawaramachi,Izakaya (Tavern),Seafood,3.51
294,Kandumebaruamichi  ,Karasuma,Bar,Izakaya (Tavern),3.05
295,Ikkakujuu  ,Shijo,Izakaya (Tavern),Teppanyaki,3.29
296,Jounetsushokusaikyoushoku  ,Kawaramachi,Seafood,Kyoto Cuisine,3.08
297,Yakinikumarutomi  ,Kawaramachi,Yakiniku (BBQ Beef),Izakaya (Tavern),3.06
298,toriiebisu  ,Kyoto,Seafood,Izakaya (Tavern),3.51
299,Kyoutokeburikawa  ,  Kameoka,Ryokan,Auberge,3.42
300,Gionyamamoto  ,Gion Shijo,Kaiseki (Traditional Japanese),Kyoto Cuisine,3.06
301,Kappouyoshizen  ,Gion Shijo,Kappo (Traditional Japanese),Kaiseki (Traditional Japanese),3.58
302,Nikuryouritobatoyo  ,Karasuma,Beef dishes,Wine bar,3.04
303,jikidoukagura  ,Nijojo Mae,Kappo (Traditional Japanese),Izakaya (Tavern),3.04
304,itaria-nasagura  ,Gion Shijo,Italian,Wine bar,3.59
305,Puranchaken  ,Gion Shijo,Steak,Creative cuisine,3.53
306,Bansankyoushoku  ,Karasuma,Yakitori (Grilled chicken),Izakaya (Tavern),3.31
307,Azuki  ,Keihan Yamashina,Izakaya (Tavern),Seafood,3
308,Ichibakouji  ,Kyoto,Dining bar,Creative cuisine,3.5
309,Sumikatominokouji  ,Kawaramachi,Izakaya (Tavern),Seafood,3.52
310,zensekikoshitsuizakayasakurakomachi  ,Kawaramachi,Izakaya (Tavern),Seafood,3
311,Imomatsu  ,Kyoto,Izakaya (Tavern),Motsu Nabe (Offel Hot Pot),3.07
312,Rakuchin  ,Gion Shijo,Kushi-age (Fried Skewer),Japanese food (other),3.31
313,Mogu piatti  ,Karasuma Oike,Italian,Bar,3.04
314,sute-kihausupondo  ,Kawaramachi,Steak,Western Food (Other),3.31
315,Taichirouya  ,Nishikyogoku,Izakaya (Tavern),Seafood,3.05
316,Yakinikuhorumongyuuteruryourianiki  ,Shijo Omiya,Yakiniku (BBQ Beef),Horumon (BBQ Offel),3.14
317,shioriya  ,Shijo,Izakaya (Tavern),Seafood,3.01
318,Bar MICHIya  ,Sanjo,Bar,Bar,3.26
319,Kushidainigusumiyakiromanya  ,Shijo,Izakaya (Tavern),Yakitori (Grilled chicken),3.03
320,Daniel's Luce   ,Kyoto,Italian,NA,3.04
321,Trattoria La Voce  ,Karasuma,Italian,Pasta,3.5
322,Saketosakanatootokomaeshokudou  ,Kyoto,Izakaya (Tavern),Seafood,3
323,Karyou  ,Gion Shijo,Kyoto Cuisine,Kaiseki (Traditional Japanese),3.68
324,Kyoutotawahoteruokujoubiagaden  ,Kyoto,Beer garden,BBQ,3.04
325,kyouchabana  ,Kyoto,Okonomiyaki,Izakaya (Tavern),3.12
326,giwonizakayamomojirou  ,Gion Shijo,Izakaya (Tavern),Seafood,3.04
327,zeppinryokuchadashishabunoomiseiemon  ,Kyoto,Izakaya (Tavern),Japanese food (other),3.06
328,Kyo gastronomy KOZO  ,Marutamachi,French,Kyoto Cuisine,3.06
329,Teramachihambagugokurakutombo  ,Kyoto Shiyakusho Mae,Hamburger Steak,Western Cuisine,3.04
330,Karasumarugenkiichiba  ,Karasuma Oike,Izakaya (Tavern),Seafood,3.04
331,Ikkon  ,Nijojo Mae,Kappo (Traditional Japanese),NA,3.06
332,Taketorineo  ,Kuramaguchi,Izakaya (Tavern),Yakitori (Grilled chicken),3.15
333,kyouyasaitosousakuryourinakaya  ,Saiin,Izakaya (Tavern),Dandan noodles,3.04
334,Grelot  ,Gion Shijo,French,Western Cuisine,3.45
335,kyoutoteppantachibana  ,Shijo,Teppanyaki,Okonomiyaki,3.03
336,Itameshioriva  ,Gion Shijo,Italian,Bar,3.27
337,CRAFT BEER & PIZZA 100K HYAKKEI  ,Kyoto,Italian,Pizza,3
338,Shunsaidaininguitokoya  ,Sanjo,Izakaya (Tavern),Vegetable dishes,3.06
339,Izakayaanji  ,Karasuma Oike,Izakaya (Tavern),Seafood,3.45
340,Bankokugaden  ,Marutamachi,Thailand cooking,Thai Curry,3.08
341,Yakinikubaruyaruki  ,Kawaramachi,Yakiniku (BBQ Beef),Bar,3.06
342,Osuteriaebaruporenta  ,Kawaramachi,Italian,Wine bar,3.53
343,Tajimaya  ,Kyoto,Shabu Shabu (Japanese Steamboat),Sukiyaki,3
344,Torisei  ,Kyoto,Izakaya (Tavern),Yakitori (Grilled chicken),3.16
345,Old School wine and spirits  ,Kyoto Shiyakusho Mae,Dining bar,Bar,3.06
346,Tsubakurosupponshokudou  ,Sanjo,Suppon (Soft-shelled Turtle),Hot Pot (other),3.09
347,Rudensu  ,Marutamachi,Italian,Vegetable dishes,3.46
348,zensekikoshitsuizakayataketorigoten  ,Keihan Yamashina,Izakaya (Tavern),Yakitori (Grilled chicken),3
349,Arata  ,Omiya,Okonomiyaki,Teppanyaki,3.3
350,Hachisei  ,Tambaguchi,Kyoto Cuisine,Kaiseki (Traditional Japanese),3.02
351,Sentojemusukurabu  ,Gion Shijo,Bar,NA,3.09
352,Kyoutonishikitempurasakabataneshichi  ,Karasuma,Tempura,Izakaya (Tavern),3.06
353,Roti Chicken&Jackie Tacos  ,Shijo,Mexico cuisine,Bar,3.53
354,Gurugurudon  ,Nijo,Okonomiyaki,Teppanyaki,3.05
355,Rohan  ,Karasuma,Izakaya (Tavern),Seafood,3.05
356,Jukuseiyakinikupondo  ,Kyoto,Yakiniku (BBQ Beef),Horumon (BBQ Offel),3.13
357,kyoumachiyaitarianronkusu  ,Kawaramachi,Italian,Sumibiyaki,3
358,Shunkouhinaka  ,Gion Shijo,Kappo (Traditional Japanese),Kyoto Cuisine,3.05
359,Fujiwara  ,Gion Shijo,Kappo (Traditional Japanese),Kyoto Cuisine,3.55
360,Tarou  ,Imadegawa,Kappo (Traditional Japanese),Seafood,3.02
361,Osakekafepuchipuchi  ,Kawaramachi,Nihonshu (Japanese sake),Cafe,3.05
362,MAWARI  ,Kawaramachi,Yakiniku (BBQ Beef),Korean cuisine,3
363,Oumiyaseiemon  ,Marutamachi,European-style Curry,Curry rice,3.54
364,Sanji  ,Marutamachi,Izakaya (Tavern),Japanese food (other),3.05
365,Kyouryourimaiko  ,Gion Shijo,Kyoto Cuisine,Kaiseki (Traditional Japanese),3.01
366,waingurashiori  ,Kyoto,Wine bar,Izakaya (Tavern),3
367,HOMURA  ,Sai,Yakiniku (BBQ Beef),Horumon (BBQ Offel),3.28
368,Wine Bar Musée  ,Karasuma,Wine bar,Italian,3.21
369,Gokoumachiono  ,Kawaramachi,Izakaya (Tavern),Oden,3.22
370,Hamachou  ,Sanjo,Kaiseki (Traditional Japanese),Izakaya (Tavern),3.47
371,osakenobijutsukankyoutosanjoukarasumaretoropabu  ,Karasuma Oike,Bar,Pub,3.07
372,Sumibiyakinikuou  ,Nishioji Sanjo,Korean cuisine,Yakiniku (BBQ Beef),3.06
373,Kichiri  ,Kawaramachi,Izakaya (Tavern),Dining bar,3.02
374,kyouyakiyomizuhonke  ,Karasuma,Izakaya (Tavern),Kyoto Cuisine,3.41
375,Itariankuatoro  ,Kyoto,Italian,NA,3.04
376,fu-zuba-shioriya  ,Fushimi Momoyama,Izakaya (Tavern),Seafood,3.08
377,SinSin  ,Shijo,Bar,Chinese,3.14
378,Kyoukarasuma  ,Marutamachi,Kappo (Traditional Japanese),Shabu Shabu (Japanese Steamboat),3.04
379,konana  ,Karasuma,Pasta,Cafe,3
380,Eijuan  ,Kyoto,Kyoto Cuisine,Kaiseki (Traditional Japanese),3
381,Youfuushuzenumakarou  ,Higashi Muko,Izakaya (Tavern),Dining bar,3
382,kyoutogyuukaisekiinayoshi  ,Gion Shijo,Kaiseki (Traditional Japanese),Beef dishes,3.52
383,Sumibikushiyakitsujiya  ,Marutamachi,Yakitori (Grilled chicken),Izakaya (Tavern),3.19
384,Koji  ,Nijojo Mae,Western Cuisine,Buffet style,3.21
385,Iharada  ,Tambaguchi,Kyoto Cuisine,Kaiseki (Traditional Japanese),3.91
386,gionkurashita  ,Gion Shijo,Kyoto Cuisine,Kaiseki (Traditional Japanese),3.39
387,Furenchimanjunia  ,Shijo,Bistro,Seafood,3.39
388,Kaisen  ,Kawaramachi,Izakaya (Tavern),Seafood,3.04
389,Karibunoutage  ,Okubo,Yakitori (Grilled chicken),Kushi-age (Fried Skewer),3.03
390,Teppou  ,Fushimi,Izakaya (Tavern),Hot Pot (other),3.06
391,Kyouryouriyumekaisekitaniguchi  ,Marutamachi,Kyoto Cuisine,Kaiseki (Traditional Japanese),3.51
392,Kinnotsubasaerudoru  ,Karasuma,Izakaya (Tavern),Korean cuisine,3
393,Umekoujikorabo  ,Tambaguchi,Italian,Pasta,3.06
394,Yoshina  ,Sanjo,Kyoto Cuisine,Kaiseki (Traditional Japanese),3.51
395,Zakicchinsaruvatorekuomo  ,Kyoto,Italian,Cafe,3.49
396,Kyounosakanakatsugi  ,Gion Shijo,Kappo (Traditional Japanese),Seafood,3.06
397,Kawamuraryourihei  ,Kawaramachi,Izakaya (Tavern),Japanese food (other),3.07
398,Kyoutokimurayahonten  ,Kyoto,Izakaya (Tavern),Motsu Nabe (Offel Hot Pot),3
399,Kyouyakiyomizu  ,Kawaramachi,Izakaya (Tavern),Kyoto Cuisine,3.3
400,Tsushima  ,Shijo Omiya,Izakaya (Tavern),Seafood,3.5
401,Sherikurabu  ,Gion Shijo,Bar,Spain,3.39
402,kaisekifuransuryourigurumantachibana  ,Kyoto,French,Western Cuisine,3.18
403,THE ROCKIN' HEARTS  ,Uji,Dining bar,Curry rice,3.07
404,wainshokudouumiusagi  ,Karasuma,Italian,Wine bar,3.13
405,Soufuku  ,Sanjo,Steak,Teppanyaki,3.03
406,Baruagiyao  ,Gojo,Bar,Seafood,3.57
407,Danieruzusore  ,Karasuma,Italian,Pizza,3.21
408,Shuuhou  ,Kujo,Yakiniku (BBQ Beef),Horumon (BBQ Offel),3.06
409,Amakudoparadhikambaikan  ,Imadegawa,Cafe,Italian,3.39
410,Shikisaishiwori  ,Gion Shijo,Kyoto Cuisine,Seafood,3.2
411,Kyouwazentainotai  ,Karasuma,Kyoto Cuisine,Kaiseki (Traditional Japanese),3.42
412,Nagamegawapontochouhana  ,Gion Shijo,Kaiseki (Traditional Japanese),Tofu,3.56
413,mekishikandaininguabokado  ,Sanjo,Mexico cuisine,Cafe,3.14
414,nikubaruginjirou  ,Kyoto,Bar,Steak,3.49
415,Kyoutofushimigura  ,Karasuma,Izakaya (Tavern),Seafood,3.05
416,yakinikuyaruki  ,Saiin,Yakiniku (BBQ Beef),Izakaya (Tavern),3
417,yakinikuyaruki  ,Sanjo,Yakiniku (BBQ Beef),Izakaya (Tavern),3.04
418,Aburiya  ,Nishikyogoku,Yakiniku (BBQ Beef),Izakaya (Tavern),3.15
419,nikudokoroikkou  ,Marutamachi,Yakiniku (BBQ Beef),Korean cuisine,3.04
420,yakinikuyaruki  ,Fushimi,Yakiniku (BBQ Beef),Izakaya (Tavern),3.02
421,LOBUTA  ,Mototanaka,Izakaya (Tavern),Korean cuisine,3.05
422,OICHO  ,Kiyomizu Gojo,Fowl,Hot Pot (other),3.09
423,teppanyakiaoi  ,Kyoto,Teppanyaki,Japanese food (other),3.09
424,yakinikuyaruki  ,Nagitsuji,Yakiniku (BBQ Beef),Korean cuisine,3.01
425,Kyoutosakabaakamaru  ,Omiya,Izakaya (Tavern),NA,3.45
426,Sara Sara  ,Shijo,Izakaya (Tavern),Dumplings,3.06
427,Southern Court  ,Kyoto,Dining bar,Western (Others),3.58
428,Gionshimmonsou  ,Sanjo Keihan,Ryokan,Kaiseki (Traditional Japanese),3.03
429,Tenkanoyakinikudaishougun  ,Omiya,Yakiniku (BBQ Beef),Korean cuisine,3.2
430,il pozzo  ,Karasuma Oike,Italian,Pasta,3.1
431,kyouryouriuryuu  ,Sanjo,Kaiseki (Traditional Japanese),Fugu (Blowfish),3.23
432,Rakusenrou  ,Karasuma,Chinese,Izakaya (Tavern),3.5
433,Kishouzakura  ,Kiyomizu Gojo,French,Creative cuisine,3.31
434,ryoushigoya  ,Nishi Maizuru,Izakaya (Tavern),Seafood,3.39
435,nikubarudakara  ,Karasuma,Izakaya (Tavern),Steak,3.04
436,BARVIDA  ,Katsuragawa,Dining bar,Teppanyaki,3.04
437,kafeandodainingubambi  ,Kyoto Shiyakusho Mae,Italian,Cafe,3.19
438,Erudoru  ,Matsugasaki,Yakiniku (BBQ Beef),Horumon (BBQ Offel),3.09
439,Ippinhashinaga  ,Karasuma,Kyoto Cuisine,Kaiseki (Traditional Japanese),3.51
440,Nabetoshunsaitokyouryourikaryuu  ,Sanjo,Kyoto Cuisine,Kaiseki (Traditional Japanese),3.48
441,kafeandodainingubambikarasuma  ,Karasuma,Italian,Cafe,3.06
442,Thiemuanfonvietto  ,Karasuma Oike,Viet Nam cuisine,Asian & ethnic cuisine (and others),3.41
443,Kurepurikyoutoshanderu  ,Karasuma,Crepes,Cafe,3.53
444,Risutoranteazekura  ,Kitayama,Italian,Restaurants (other),3.07
445,Saryouhassui  ,Arashiyama,Cafe,Sweets,3.51
446,Sala Suite Caffe Rucola   ,Shijo,Italian,Cafe,3.38
447,Apollo+  ,Karasuma Oike,Izakaya (Tavern),Seafood,3.52
448,Houen  ,Shijo,Teppanyaki,NA,3.07
449,Furenchiman  ,Kyoto,Bistro,Seafood,3.51
450,Arigatou  ,Keihan Yamashina,Izakaya (Tavern),Yakiniku (BBQ Beef),3.02
451,Kyousainikushima  ,Kawaramachi,Yakiniku (BBQ Beef),Horumon (BBQ Offel),3.03
452,kurabuhausuminami  ,Kyoto,Izakaya (Tavern),Korean cuisine,3.05
453,Pittsusarubatorekuomoandoguriru  ,Sanjo,Pizza,Italian,3.07
454,Fresco  ,Kyoto,Izakaya (Tavern),Spain,3.03
455,Rengetsudiya  ,Higashiyama,Tofu,Yuba,3.11
456,gyuukushibunzou  ,Sanjo,Izakaya (Tavern),Sumibiyaki,3.04
457,PREGO TOKICHI  ,Kyoto Shiyakusho Mae,Italian,Sumibiyaki,3.2
458,sumibiyakiyasaiyaoki  ,Kyoto Shiyakusho Mae,Tempura,Izakaya (Tavern),3.05
459,Osakanazukkorobashi  ,Kyoto,Izakaya (Tavern),Japanese food (other),3
460,Torimasa  ,Kutsukawa,Izakaya (Tavern),Fowl,3
461,Aguuru  ,Karasuma Oike,Okinawan Cuisine,Izakaya (Tavern),3.5
462,Yakinikunonki  ,Higashino,Yakiniku (BBQ Beef),Horumon (BBQ Offel),3.07
463,Adan  ,Kyoto,Izakaya (Tavern),Okinawan Cuisine,3.31
464,Oushokuyakappa  ,Shijo,Italian,Bar,3.06
465,Minari  ,Kyoto,Korean cuisine,table d'hôte,3.05
466,Daichinokura  ,Higashi Maizuru,Izakaya (Tavern),NA,3.05
467,sumibisute-kisakaikyoutosanjou  ,Karasuma Oike,Steak,Kaiseki (Traditional Japanese),3.5
468,Ryuuhourakuenchura  ,Nishi Maizuru,Okinawan Cuisine,Izakaya (Tavern),3
469,Byuandodainingukotoshieru  ,Kyoto,Modern French,Italian,3.42
470,Karin  ,Nijojo Mae,Chinese,Dandan noodles,3.51
471,Fujiya  ,Sanjo,Kyoto Cuisine,Kaiseki (Traditional Japanese),3.09
472,Kyoutokimurayahonten  ,Gion Shijo,Izakaya (Tavern),Sukiyaki,3.04
473,Joukoya  ,Karasuma,Izakaya (Tavern),Seafood,3.22
474,Nikukappoubarugyugyu  ,Gion Shijo,Bar,Izakaya (Tavern),3.06
475,furenchigiombarumaruhashi  ,Gion Shijo,Bar,French,3.54
476,nikubaruginjirou  ,Karasuma Oike,Bar,Italian,3.52
477,Sumibikushiyakitsujiya  ,Kyoto,Izakaya (Tavern),Kushiyaki (Grilled skewer),3.05
478,Gyararishioriya  ,Kyoto,Izakaya (Tavern),Nihonshu (Japanese sake),3.27
479,Kyounishikiobanzaibyuffehinataya  ,Kawaramachi,Buffet style,Kyoto Cuisine,3.03
480,kamanzanijoumarufuku  ,Marutamachi,Izakaya (Tavern),Tempura,3.45
481,coLLabo  ,Karasuma Oike,Cafe,Hamburger Steak,3.27
482,tonkotsunabetogyouzaenraku  ,Shijo,Izakaya (Tavern),Motsu Nabe (Offel Hot Pot),3.04
483,Ryuuan  ,Gion Shijo,Yakiniku (BBQ Beef),Japanese food (other),3.22
484,Ace cafe  ,Sanjo,Cafe,Dining bar,3.09
485,Resutoranrejina  ,Kyoto,Western Food (Other),Buffet style,3.03
486,Akasaki  ,Shichijo,Izakaya (Tavern),Kyoto Cuisine,3.05
487,Ozabu  ,Sanjo,Izakaya (Tavern),Kyoto Cuisine,3.06
488,Sutekiandodainaburuba  ,Saiin,Bar,Steak,3.04
489,Yakinikuyoshimi  ,Jingu Marutamachi,Yakiniku (BBQ Beef),Steak,3.58
490,sute-kihausupondo  ,Marutamachi,Steak,Hamburger Steak,3.2
491,Gyouzamatsukichi  ,Kitano Hakubaicho,Dumplings,Izakaya (Tavern),3.07
492,Pontochounabariya  ,Gion Shijo,Italian,Wine bar,3.3
493,Kamehameha  ,Kawaramachi,Okonomiyaki,Teppanyaki,3.05
494,Bunta  ,Nagaoka Tenjin,Izakaya (Tavern),Chanko Nabe (Sumo Wrestlers Hot Pot),3.02
495,Bejitejiya  ,Shijo,Korean cuisine,Yakiniku (BBQ Beef),3.5
496,Juujuu  ,Kyoto,Yakiniku (BBQ Beef),Japanese food (other),3.03
497,Kuuan  ,Kawaramachi,Izakaya (Tavern),Creative cuisine,3.04
498,L'ajitto  ,Marutamachi,Teppanyaki,Okonomiyaki,3.23
499,Aburaya  ,Uji,Izakaya (Tavern),Kushi-age (Fried Skewer),3.05
500,yakitorisutandosakabakadofuku  ,Shijo,Izakaya (Tavern),Japanese food (other),3.28
501,Kyoutosakagurakan  ,Shijo,Izakaya (Tavern),Bar,3.25
502,Sutekihanasato  ,Gion Shijo,Steak,Teppanyaki,3.17
503,Tawaterasu  ,Kyoto,Buffet style,Kaiseki (Traditional Japanese),3.35
504,Gionshimbashinakatani  ,Gion Shijo,Kyoto Cuisine,Kaiseki (Traditional Japanese),3.56
505,Orudohonkonresutorankyouto  ,Shijo,Chinese,Cantonese Cuisine,3.88
506,Okonomiyakitsuruhashifuugetsu  ,Kyoto,Izakaya (Tavern),Okonomiyaki,3.09
507,Yakinikuyaruki  ,Gion Shijo,Yakiniku (BBQ Beef),Steak,3.07
508,trattoria sette  ,Shichijo,Italian,Pizza,3.57
509,Kurosuke  ,Kitano Hakubaicho,Tofu,Yuba,3.09
510,Imozou  ,Gion Shijo,Izakaya (Tavern),Motsu Nabe (Offel Hot Pot),3.05
511,Denen  ,Sanjo,Dining bar,Bar,3.04
512,Kenzoesuteitowainarigionten  ,Gion Shijo,Italian,Wine bar,3.61
513,Osteria Bastille  ,Karasuma,Italian,French,3.42
514,IN THE GREEN  ,Kitayama,Italian,Pizza,3.52
515,Ajoiichanchi  ,Fushimi Momoyama,Dining bar,Cafe,3.08
516,Kitayamafuurin  ,Kitayama,Kaiseki (Traditional Japanese),Seafood,3.05
517,burassuri-kontowa-ru  ,Nishioji,Izakaya (Tavern),Bistro,3.53
518,Honmamonwagyu-sakanaya-hirari  ,Kawaramachi,Yakiniku (BBQ Beef),Horumon (BBQ Offel),3.17
519,Manchou  ,Myoshinji,Kyoto Cuisine,Kaiseki (Traditional Japanese),3.07
520,Risutoranteoraegion  ,Gion Shijo,Italian,Pasta,3.59
521,Taishuunikubarujuu  ,Sai,Bar,Steak,3.05
522,Oyajinokura  ,Kyoto Shiyakusho Mae,Izakaya (Tavern),Seafood,3.04
523,Occobe.  ,Higashiyama,Italian,Pasta,3
524,itariamba-rukimuraya  ,Kyoto,Italian,Bar,3.08
525,Cafe Restaurant Le Temps  ,Kyoto,Buffet style,Cafe,3.46
526,sushidainingudaihachi  ,Karasuma,Sushi,Creative cuisine,3.06
527,Umayakinikusemmontensakuratomomiji  ,Sanjo,Yakiniku (BBQ Beef),Meat dishes,3.53
528,kyoutofushimigurapontochouminamian  ,Gion Shijo,Izakaya (Tavern),Japanese food (other),3
529,Gempinfugushijoukarasumanoseki  ,Karasuma,Izakaya (Tavern),Fugu (Blowfish),3.05
530,Shou  ,Marutamachi,Oden,Izakaya (Tavern),3.35
531,Nikujuuhachi  ,Rokujizo,Yakiniku (BBQ Beef),NA,3
532,Gori's Kitchen  ,Jujo,Italian,Pizza,3.05
533,Tenkanoyakinikudaishougun  ,Kyoto,Yakiniku (BBQ Beef),Korean cuisine,3.05
534,Kameya  ,Saiin,Crab,Fugu (Blowfish),3.02
535,giombashunrou  ,Gion Shijo,Meat dishes,Regional Cuisine (Other),3.06
536,Chishokufu  ,Emmachi,Chinese,Sichuan Cuisine,3.06
537,eetokodori  ,Nishioji,Izakaya (Tavern),Yakitori (Grilled chicken),3.05
538,Kasuian  ,Higashiyama,Kyoto Cuisine,Kaiseki (Traditional Japanese),3.06
539,Mimasuyamonami  ,Kawaramachi,Creative cuisine,Kyoto Cuisine,3.49
540,Juunikiyakan  ,Kyoto,Izakaya (Tavern),Kyoto Cuisine,3.06
541,kunseitojibi-ruwachi  ,Karasuma,Izakaya (Tavern),Yakitori (Grilled chicken),3.51
542,Torihime  ,Kawaramachi,Izakaya (Tavern),Yakitori (Grilled chicken),3
543,Cafe Lavender  ,Nijo,Buffet style,Izakaya (other),3.04
544,Kyoutobatake  ,Kyoto,Shabu Shabu (Japanese Steamboat),Izakaya (Tavern),3.03
545,Fesshimon  ,Keihan Yamashina,Italian,Bar,3.05
546,nikuyaoushin  ,Karasuma Oike,Yakiniku (BBQ Beef),Kyoto Cuisine,3.58
547,Sumibirobataikoru  ,Shijo,Izakaya (Tavern),Seafood,3.04
548,Hisa  ,Emmachi,Champon Noodle,Ramen,3.38
549,Horumondaigorou  ,Gion Shijo,Yakiniku (BBQ Beef),Horumon (BBQ Offel),3.44
550,Hikohachi  ,Gion Shijo,Sushi,Seafood,3.04
551,Matsusakagyuuwattsu  ,Karasuma Oike,Yakiniku (BBQ Beef),Horumon (BBQ Offel),3.26
552,FORTUNE GARDEN KYOTO  ,Kyoto Shiyakusho Mae,Bistro,Western Cuisine,3.59
553,Enrian  ,Fushimi Momoyama,Creative cuisine,Japanese food (other),3
554,kyuushuusakabaajito  ,Nishi Maizuru,Izakaya (Tavern),Fowl,3.03
555,Heso  ,Kyoto,Standing style soba,Izakaya (Tavern),3.35
556,Kyounozenkuruma  ,Shijo,Izakaya (Tavern),Yakitori (Grilled chicken),3.52
557,oushuuizakayabiruzu  ,Fushimi Momoyama,Izakaya (Tavern),Pizza,3.03
558,Aburishibuya  ,Keihan Yamashina,Izakaya (Tavern),Robatayaki,3.05
559,Norakuro  ,Nishioji,Italian,Bistro,3.06
560,Fuubitosuuro  ,Kawaramachi,Bar,Steak,3.29
561,Kaisendokorowatanabeya  ,Karasuma Oike,Seafood,Izakaya (Tavern),3.06
562,Gioniwamoto  ,Gion Shijo,Kyoto Cuisine,Kappo (Traditional Japanese),3.63
563,Gyuutankeisuke  ,Kyoto,Izakaya (Tavern),Gyutan (Beef tongue),3.05
564,Oribuoirusemmontenaorio  ,Sanjo,Bistro,Steak,3.06
565,Seichuuan  ,Mototanaka,French,Western Food (Other),3.04
566,Kyoukurozakura  ,Gion Shijo,Yakiniku (BBQ Beef),Horumon (BBQ Offel),3.06
567,Nettaishokudou  ,Gion Shijo,Thailand cooking,NA,3.15
568,Toriseetakoyakushiten  ,Karasuma,Yakitori (Grilled chicken),Izakaya (Tavern),3.04
569,Fujiishi  ,Gion Shijo,Kappo (Traditional Japanese),Japanese food (other),3.5
570,yakinikuyaruki  ,Ichijoji,Yakiniku (BBQ Beef),Izakaya (Tavern),3.03
571,Unkai  ,Nijojo Mae,Kaiseki (Traditional Japanese),Sushi,3.18
572,Izakayamaruya  ,Kawaramachi,Izakaya (Tavern),Japanese food (other),3.03
573,kyoutoarashiyamagoseiyuunoyadoranzan  ,Arashiyama,Other,NA,3.21
574,Shimogamosaryou  ,Demachiyanagi,Kaiseki (Traditional Japanese),Kyoto Cuisine,3.61
575,Kifunekiraku  ,Kurama,Kaiseki (Traditional Japanese),Kyoto Cuisine,3.52
576,Nikuyasuzu  ,Shichijo,Yakiniku (BBQ Beef),Horumon (BBQ Offel),3.06
577,KITAYAMA MONOLITH  ,Shugakuin,Kaiseki (Traditional Japanese),Kyoto Cuisine,3.06
578,Watanabe  ,Nijojo Mae,Beef dishes,French,3.54
579,clover  ,Sanjo,Dining bar,Italian,3.06
580,hamba-guandosute-kipondo  ,Tambaguchi,Hamburger Steak,Steak,3.06
581,Gempinfugukyoutoekimaenoseki  ,Kyoto,Fugu (Blowfish),Hot Pot (other),3.07
582,guramuromanthikkumairu-mu  ,Kyoto Shiyakusho Mae,Dining bar,Italian,3.03
583,Giombengara  ,Gion Shijo,Kaiseki (Traditional Japanese),Kyoto Cuisine,3.05
584,gochisouizakayaippaiippai  ,Fujinomori,Izakaya (Tavern),Seafood,3
585,uotanafumibun  ,Sanjo,Kappo (Traditional Japanese),Kyoto Cuisine,3.35
586,Kyouhorumonkura  ,Kawaramachi,Yakiniku (BBQ Beef),Horumon (BBQ Offel),3.04
587,itariambarutoreotto  ,Omiya,Italian,Pizza,3.09
588,Buraitonkicchin  ,Keihan Yamashina,Buffet style,Western Cuisine,3.16
589,Aritsune  ,Kyoto Shiyakusho Mae,Kappo (Traditional Japanese),Kyoto Cuisine,3.69
590,Akayashirosakae  ,Kawaramachi,Yakiniku (BBQ Beef),Izakaya (Tavern),3.21
591,Kihara  ,Marutamachi,Yakiniku (BBQ Beef),Horumon (BBQ Offel),3.15
592,Kamon  ,Kawaramachi,Italian,Bar,3.31
593,Mew’z cafe  ,Kyoto Shiyakusho Mae,Dining bar,Thailand cooking,3.06
594,kyougokushinobinosato  ,Kawaramachi,Creative cuisine,Sushi,3
595,Takaraya  ,Kujo,Izakaya (Tavern),Yakitori (Grilled chicken),3.07
596,datten  ,Gion Shijo,Italian,Bar,3.03
597,Tatsumi  ,Saiin,Kappo (Traditional Japanese),Sushi,3.05
598,chuugokuryourikoukaryuuhou  ,Kyoto,Chinese,Dim sum,3.31
599,Kaburaya  ,Gion Shijo,Kyoto Cuisine,Creative cuisine,3.51
600,Kaiseitei  ,Kitayama,French,Italian,3.39
601,Kushikatsutakoyakiseichan  ,Kyoto,Izakaya (Tavern),Takoyaki,3.05
602,Gyuuzen  ,Shijo,Shabu Shabu (Japanese Steamboat),Sukiyaki,3.05
603,Kyouzakanafukuya  ,Nijojo Mae,Izakaya (Tavern),Seafood,3.04
604,Toto  ,Nishi Maizuru,Seafood,Sushi,3.22
605,Ganko  ,Kyoto Shiyakusho Mae,Kaiseki (Traditional Japanese),Shabu Shabu (Japanese Steamboat),3.52
606,PASTA MORE  ,Kyoto,Italian,French,3
607,Kyoumachibaru  ,Momoyamagoryomae,Dining bar,Izakaya (Tavern),3.04
608,wagyuuyakinikutoku  ,Sanjo,Yakiniku (BBQ Beef),Korean cuisine,3.53
609,Dembei  ,Kurama,Soba,Kamameshi (Clay pot rice),3.24
610,Tsukinokurabito  ,Fushimi Momoyama,Kappo (Traditional Japanese),Dining bar,3.5
611,Kinnotori  ,Kujo,Izakaya (Tavern),Yakitori (Grilled chicken),3
612,Zekuu  ,Imadegawa,Ramen,Boneless deep-fried chicken,3.34
613,Rojimon  ,Karasuma Oike,Izakaya (Tavern),Kyoto Cuisine,3.57
614,Aiemuo  ,Shichijo,Pizza,Dining bar,3.06
615,Al Vere  ,Momoyamagoryomae,Italian,Pasta,3
616,Nijoukiduki  ,Kyoto Shiyakusho Mae,Sushi,Creative cuisine,3.57
617,Hirarinteitemboukaku  ,Kyoto,Izakaya (Tavern),Kyoto Cuisine,3
618,Kyoutogiommiyagawachououmie  ,Kiyomizu Gojo,Wine bar,Bar,3.26
619,kibunebeniya  ,Kurama,Kaiseki (Traditional Japanese),Kyoto Cuisine,3.54
620,Koikoi  ,Gion Shijo,Yakitori (Grilled chicken),Kushi-age (Fried Skewer),3
621,Suiba  ,Karasuma,Stand Bar,Dining bar,3.53
622,Bussarakan  ,Kiyomizu Gojo,Thailand cooking,Creative cuisine,3.14
623,Saikouchou  ,Ogura,Yakitori (Grilled chicken),Izakaya (Tavern),3.05
624,Noukoutoripaitanramemmisora  ,Kawaramachi,Ramen,Tsukemen,3.09
625,Yakinikutoraji  ,Kyoto,Yakiniku (BBQ Beef),Horumon (BBQ Offel),3.13
626,Ganko  ,Kyoto,Kaiseki (Traditional Japanese),Japanese food (other),3.18
627,Sajjoupakuchi  ,Kyoto Shiyakusho Mae,Thailand cooking,Izakaya (Tavern),3.52
628,Gionhatanaka  ,Gion Shijo,Ryokan,Kyoto Cuisine,3.65
629,YURURI  ,Jingu Marutamachi,Izakaya (Tavern),NA,3.17
630,Yakinikushoukakuoukiyamachitei  ,Sanjo,Yakiniku (BBQ Beef),Gyutan (Beef tongue),3.06
631,Houshouan  ,Gion Shijo,Kyoto Cuisine,Tofu,3.03
632,Kankokuanjupontochourinanha  ,Gion Shijo,Korean cuisine,Asian & ethnic cuisine (and others),3.56
633,oumigyuujukuseisute-kiichigo-kyu-roku  ,Sanjo,Steak,Yakiniku (BBQ Beef),3.06
634,Yukinoshita  ,Nijojo Mae,Pancake,Shaved ice (snow cone),3.58
635,Yakinikuhorumonfukukawa  ,Omiya,Yakiniku (BBQ Beef),NA,3.04
636,Purachinabifu  ,Gion Shijo,Teppanyaki,Steak,3.53
637,Gionroiro  ,Gion Shijo,French,NA,3.83
638,Gyuurakutei  ,Shijo,Yakiniku (BBQ Beef),Horumon (BBQ Offel),3.16
639,Ristorante t.v.b  ,Gion Shijo,Italian,Wine bar,3.67
640,YEBISU  ,Keihan Yamashina,Dandan noodles,Ramen,3.07
641,Takayasuzekuu  ,Karasuma,Ramen,NA,3.09
642,Koshitsuyakinikugokkoya  ,Kyoto Shiyakusho Mae,Yakiniku (BBQ Beef),Izakaya (Tavern),3.02
643,Ebisu  ,Kyoto,Ramen,Chinese,3.51
644,izakayakyounoshunsaiirodori  ,Kyoto,Izakaya (Tavern),Seafood,3.05
645,matono  ,Gion Shijo,Kappo (Traditional Japanese),Kaiseki (Traditional Japanese),3.72
646,Shiunsen  ,Kyoto Shiyakusho Mae,Soba,Kappo (Traditional Japanese),3.53
647,BEER PUB Takumiya  ,Karasuma Oike,Dining bar,Italian,3.54
648,Kidoriya  ,Kyoto,Izakaya (Tavern),Yakitori (Grilled chicken),3
649,Kumamotosougouinshokutemmao  ,Karasuma,Bar,Cafe,3.25
650,shijoupakuchi-  ,Shijo,Thailand cooking,Izakaya (Tavern),3.34
651,SOUDEN  ,Karasuma Oike,Sushi,NA,3.08
652,Kyoutotsuyushabuchiriri  ,Marutamachi,Shabu Shabu (Japanese Steamboat),Sukiyaki,3.51
653,waintoonikudaisen  ,Gojo,Italian,Yakiniku (BBQ Beef),3.04
654,Gokyou  ,Kuramaguchi,Yakiniku (BBQ Beef),Horumon (BBQ Offel),3.09
655,Daburin  ,Kyoto Shiyakusho Mae,Pub,Beer,3.06
656,Enyahanare  ,Karasuma,Izakaya (Tavern),Yakitori (Grilled chicken),3.05
657,koubegyuuyakinikutaishitei  ,Kawaramachi,Yakiniku (BBQ Beef),Chiritori nabe (tripe),3.06
658,nihonryourisakuragawa  ,Kyoto Shiyakusho Mae,Kaiseki (Traditional Japanese),Kappo (Traditional Japanese),3.89
659,Sushikawano  ,Kitaoji,Sushi,Seafood,3.59
660,Mameyagenzou  ,Kyoto Shiyakusho Mae,Kyoto Cuisine,Tofu,3.38
661,chuukasobatakayasu  ,Ichijoji,Ramen,Boneless deep-fried chicken,3.59
662,Kyouhorumontaisha  ,Kawaramachi,Horumon (BBQ Offel),Motsu Nabe (Offel Hot Pot),3.04
663,cafe Cento Cento  ,Kyoto,Cafe,Pasta,3
664,yakinikubunya  ,Tambaguchi,Yakiniku (BBQ Beef),Horumon (BBQ Offel),3.52
665,Teuchisobaminagawa  ,Karasuma Oike,Soba,Izakaya (Tavern),3.17
666,Kerara  ,Kyoto Shiyakusho Mae,India cuisine,Indian curry,3.22
667,Maribu  ,Shijo,Dining bar,Bar,3.07
668,takoyakimihashiya  ,Mototanaka,Takoyaki,NA,3.3
669,Taverunamezzanotte  ,Kawaramachi,Italian,Bar,3.5
670,Shunsaitempuraarima  ,Shijo,Fried Foods (other),Kappo (Traditional Japanese),3.25
671,Kitanoguriru  ,Kyoto,Hamburger Steak,Croquette,3.09
672,Torishinoguraten  ,Ogura,Izakaya (Tavern),Yakitori (Grilled chicken),3.03
673,hakataaburimotsunabewarajiya  ,Kyoto,Izakaya (Tavern),Motsu Nabe (Offel Hot Pot),3.06
674,Ryuumon  ,Sanjo Keihan,Sichuan Cuisine,Chinese,3.27
675,Kaiuntei  ,Katsura,Yakiniku (BBQ Beef),Korean cuisine,3.19
676,Kemuri  ,Shijo,Izakaya (Tavern),Kyoto Cuisine,3.5
677,Ajirokkon  ,Karasuma,Kappo (Traditional Japanese),Izakaya (Tavern),3.45
678,Rinya  ,Demachiyanagi,Pasta,Cafe,3
679,Wasabi  ,Gion Shijo,Sushi,Izakaya (Tavern),3.18
680,Kappousaraku  ,Marutamachi,Kappo (Traditional Japanese),Kyoto Cuisine,3.41
681,kaisembarukamebarueito  ,Nijo,Bar,Wine bar,3.29
682,Roko  ,Kyoto Shiyakusho Mae,Kappo (Traditional Japanese),Kaiseki (Traditional Japanese),3.26
683,kafeandopanke-kiguramu  ,Karasuma,Cafe,Pancake,3.03
684,Kyouryouritakeshimaichigo  ,Kyoto Shiyakusho Mae,Kyoto Cuisine,Kaiseki (Traditional Japanese),3.07
685,Kiyomizujunsei  ,Kiyomizu Gojo,Tofu,Yuba,3.31
686,Kokekokko  ,Kyoto,Izakaya (Tavern),Steak,3.05
687,Gionuemori  ,Gion Shijo,Kyoto Cuisine,Kappo (Traditional Japanese),3.49
688,Daniel's  ,Karasuma,Italian,Pasta,3.26
689,Kyounojidoriyaaki  ,Kawaramachi,Izakaya (Tavern),Yakitori (Grilled chicken),3.06
690,Rozurumu  ,Nijojo Mae,French,Western Cuisine,3.17
691,ottimo  ,Marutamachi,Italian,Pasta,3.48
692,Kunseimaketto  ,Higashino,Cafe,Western Food (Other),3.33
693,Miyakohanten  ,Kuzuha,Chinese,Ramen,3.2
694,Shichirinya  ,Kitaoji,Yakiniku (BBQ Beef),Horumon (BBQ Offel),3
695,Kushiagetoshiko  ,Kitayama,Kushi-age (Fried Skewer),Creative cuisine,3.44
696,Ishiyakinamapasutakuranosuke  ,Katsura,Pasta,Italian,3.08
697,Buruvaru  ,Kyoto,Buffet style,Teppanyaki,3.08
698,ORENO PAN okumura  ,Gion Shijo,Bread,Cafe,3.56
699,Osuteriakochinerra  ,Shijo,Italian,Wine bar,3.53
700,Sumibiyakinikugyuugyuutei  ,Sai,Yakiniku (BBQ Beef),Horumon (BBQ Offel),3.03
701,Bapontochoukisshou  ,Sanjo,Bar,Pub,3.04
702,karubidontosundoufusemmontenkandon  ,Fushimi,Korean cuisine,Ramen,3.33
703,Momoya  ,Karasuma,Izakaya (Tavern),Kushi-age (Fried Skewer),3.09
704,motsunabekamehachi  ,Sanjo,Motsu Nabe (Offel Hot Pot),Izakaya (Tavern),3.51
705,nikubarushouzudainingu  ,Karasuma,Bar,Yakiniku (BBQ Beef),3
706,yakinikushokudoukandon  ,Matsuiyamate,Yakiniku (BBQ Beef),Korean cuisine,3.07
707,Kyoutohanagushi  ,Kyoto,Kushi-age (Fried Skewer),Yakitori (Grilled chicken),3.07
708,Harise  ,Kiyomizu Gojo,Kaiseki (Traditional Japanese),Kyoto Cuisine,3.6
709,Hayashi  ,Shijo,Horumon (BBQ Offel),Yakiniku (BBQ Beef),3.51
710,Iori  ,Kyoto Shiyakusho Mae,Izakaya (Tavern),Seafood,3.26
711,Kankokusakuratei  ,Nishioji,Yakiniku (BBQ Beef),Creative cuisine,3.27
712,Norumandhi  ,Kyoto Shiyakusho Mae,French,Mediterranean,3.55
713,Rokurokuato  ,Saiin,Izakaya (Tavern),Seafood,3.46
714,Sagano  ,Arashiyama,Tofu,Yuba,3.58
715,Kaosusupaisudaina  ,Kyoto Shiyakusho Mae,Curry (other),Dining bar,3.35
716,Erushimmachi  ,Shijo,French,Italian,3.44
717,Ginzaraion  ,Kyoto,Beer,beer restaurant,3.08
718,kyouyakinikukikyou  ,Karasuma Oike,Yakiniku (BBQ Beef),Izakaya (Tavern),3.24
719,Robatasushihotaru  ,Karasuma Oike,Robatayaki,Seafood,3.38
720,nikubaruginjirou  ,Kyoto,Bar,Italian,3.44
721,Tanuki  ,Sanjo,Izakaya (Tavern),Creative cuisine,3
722,Arashiyamamitate  ,Arashiyama,French,Kyoto Cuisine,3.66
723,Gansochikaranikumiyoshi  ,Nijo,Yakiniku (BBQ Beef),Izakaya (Tavern),3.07
724,Rakuzouutage  ,Kyoto,Izakaya (Tavern),Yakitori (Grilled chicken),3.02
725,Kyoutomamehachi  ,Gion Shijo,Kyoto Cuisine,Tofu,3.08
726,Garejisankyukafe  ,Uzumasa Tenjingawa,Cafe,Izakaya (other),3.03
727,Membou  ,Kyoto Shiyakusho Mae,Kaiseki (Traditional Japanese),Udon Suki,3.11
728,Masohohanare  ,Kyoto,Izakaya (Tavern),Seafood,3.18
729,Yumeya  ,Kyoto Shiyakusho Mae,Okonomiyaki,Chow Mein Noodle,3.55
730,Giontakahashi  ,Gion Shijo,Kappo (Traditional Japanese),Fugu (Blowfish),3.57
731,Ranka  ,Kawaramachi,Bistro,French,3.58
732,Hakatamotsunabefukuya  ,Kawaramachi,Motsu Nabe (Offel Hot Pot),Izakaya (Tavern),3.03
733,Ramenhikosaku  ,Imadegawa,Ramen,Dumplings,3.51
734,Shunsaisousakubifferoan  ,Yawatashi,Buffet style,Shabu Shabu (Japanese Steamboat),3
735,Tempurabaruharuichi  ,Karasuma Oike,Tempura,Bar,3.3
736,Tankumakitamise  ,Kawaramachi,Kyoto Cuisine,Kaiseki (Traditional Japanese),3.59
737,Miho  ,Nishioji,Izakaya (Tavern),Okinawan Cuisine,3.23
738,Tempurakawatatsu  ,Katsuragawa,Tempura,Kaiseki (Traditional Japanese),3.56
739,Gyaatei  ,Arashiyama,Buffet style,Sushi,3.51
740,Ryuumon  ,Mototanaka,Sichuan Cuisine,Dim sum,3.08
741,Yakinikudaisen  ,Saiin,Yakiniku (BBQ Beef),Horumon (BBQ Offel),3
742,Erupojo  ,Kyoto,Spain,Pizza,3.2
743,Man  ,Kyoto Shiyakusho Mae,Sushi,Kappo (Traditional Japanese),3.06
744,Baoku  ,Karasuma,Bar,Wine bar,3.08
745,Arashiyamakohakudou  ,Arashiyama,French,Cafe,3.07
746,Shinshin  ,Karasuma Oike,Izakaya (Tavern),Seafood,3.49
747,Icchou  ,Gion Shijo,Kyoto Cuisine,Nihonshu (Japanese sake),3.02
748,Shusaishokubouichi  ,Shijo,Kyoto Cuisine,Kaiseki (Traditional Japanese),3.22
749,supeimbarurapaera  ,Matsugasaki,Spain,Bar,3.28
750,Gimmiyananairo  ,Omiya,Izakaya (Tavern),Kappo (Traditional Japanese),3.06
751,Marugameseimen  ,Kyoto Shiyakusho Mae,Udon,NA,3.07
752,Ramenfuji  ,Kiyomizu Gojo,Ramen,NA,3.16
753,Kyoutogionkawamuraryourihei  ,Gion Shijo,Kyoto Cuisine,Kaiseki (Traditional Japanese),3
754,Sentoro  ,Kyoto,Italian,Restaurants (other),3.1
755,Giommikaku  ,Gion Shijo,Steak,Sukiyaki,3.1
756,Enyanishiki  ,Karasuma,Izakaya (Tavern),Oden,3.12
757,Kampaiboupuruda  ,Kyoto,Korean cuisine,Yakiniku (BBQ Beef),3.42
758,Menshoutakamatsu  ,Karasuma,Ramen,Tsukemen,3.07
759,Kyounooheso  ,Kawaramachi,Izakaya (Tavern),NA,3.51
760,Zen  ,Demachiyanagi,Izakaya (Tavern),Yakitori (Grilled chicken),3.05
761,Aburiya  ,Higashi Maizuru,Izakaya (Tavern),Oden,3.05
762,kodawaritamagosemmontentamagoya  ,Arashiyama Torokko Station,Cafe,Japanese food (other),3.15
763,Tenjiyuen  ,Saiin,Yakiniku (BBQ Beef),Horumon (BBQ Offel),3.46
764,Rinku  ,Kyoto Shiyakusho Mae,Fowl,Izakaya (Tavern),3.27
765,Nishikiichiha  ,Kawaramachi,Café / coffee shop (and others),Sweets,3.46
766,Kushiageadachi  ,Kitaoji,Kushi-age (Fried Skewer),Izakaya (Tavern),3.07
767,Haiborubakyoutoichikyunisan  ,Gion Shijo,Izakaya (other),Bar,3.32
768,Washokumai  ,Kyoto,Tempura,Sushi,3
769,Kyoutonanajouyakinikusakabayamadaruma  ,Shichijo,Yakiniku (BBQ Beef),Horumon (BBQ Offel),3.06
770,nikubaruandohorumonnabetaigu  ,Kyoto Shiyakusho Mae,Bar,Motsu Nabe (Offel Hot Pot),3.04
771,Itoukyuuemon  ,Uji,Sweets,Japan tea shoppe,3.58
772,Kantonoryouritakeka  ,Gion Shijo,Chinese,Cantonese Cuisine,3.3
773,Chikurin  ,Uji,Kyoto Cuisine,Kaiseki (Traditional Japanese),3.04
774,Satsumayakinikukurozakurakurozakura  ,Uji,Yakiniku (BBQ Beef),Horumon (BBQ Offel),3.42
775,Takasegawa  ,Gion Shijo,Sumibiyaki,Yakitori (Grilled chicken),3.6
776,Hairaitoshiyokudou  ,Yamanouchi,table d'hôte,Western Cuisine,3.08
777,Kikusui  ,Gion Shijo,Western Cuisine,French,3.18
778,Kimukatsu  ,Shijo,Tonkatsu (Pork cutlet),Sandwich,3.08
779,Kafemanowaru  ,Saiin,Italian,NA,3.08
780,Purejiru  ,Kyoto,Buffet style,NA,3.15
781,Sumibiyakitorikajian  ,Nagaokakyo,Yakitori (Grilled chicken),Shochu (Japanese spirits),3.03
782,Kazamidori  ,Karasuma Oike,Izakaya (Tavern),Yakitori (Grilled chicken),3
783,SPOON  ,Karasuma,Dining bar,Japanese food (other),3.18
784,Isobe  ,Higashiyama,Kaiseki (Traditional Japanese),Kyoto Cuisine,3.06
785,Sukairaunjikuu  ,Kyoto,Bar,Lounge,3.09
786,Kaiuntei  ,Ogura,Yakiniku (BBQ Beef),Korean cuisine,3.05
787,Honkedaiichiasahi  ,Kyoto,Ramen,Dumplings,3.6
788,Kichisen  ,Demachiyanagi,Kaiseki (Traditional Japanese),NA,4.19
789,Hisago  ,Gion Shijo,Oyako-don (Chicken Bowl),Soba,3.54
790,shikimanzenhanahana  ,Nijo,Izakaya (Tavern),Motsu Nabe (Offel Hot Pot),3.09
791,Gurumatei  ,Shin Tanabe,Okonomiyaki,Teppanyaki,3.05
792,Kappouiimori  ,Gion Shijo,Kappo (Traditional Japanese),Kaiseki (Traditional Japanese),3.52
793,barchetta  ,Gojo,Italian,Wine bar,3.43
794,Ajinomeimon  ,Tambaguchi,Ramen,Dumplings,3.19
795,Nagagutsutei  ,Jingu Marutamachi,Pasta,Pizza,3
796,Ishise  ,Fushimi Momoyama,Kyoto Cuisine,Kappo (Traditional Japanese),3.08
797,Apikaruinkyouto  ,Shugakuin,Ryokan,Kaiseki (Traditional Japanese),3.06
798,Hanakushi  ,Kyoto,Kushi-age (Fried Skewer),Izakaya (Tavern),3.53
799,Gionyuyama  ,Sanjo Keihan,Kaiseki (Traditional Japanese),Kappo (Traditional Japanese),3.51
800,Gioneguchi  ,Gion Shijo,Kappo (Traditional Japanese),Kyoto Cuisine,3.17
801,Sumibitowainkyoutoekimaeten  ,Kyoto,Bar,Italian,3.49
802,Susumevaikingubaikingu  ,Yawatashi,Buffet style,Yakiniku (BBQ Beef),3.03
803,Jounanen  ,Takeda,Chinese,Bento (Lunch box),3.15
804,shunsairyoushin  ,Fushimi Momoyama,Seafood,Izakaya (Tavern),3.33
805,Shourenkanyoshinoya  ,  Kyotango,Ryokan,Crab,3.55
806,pino  ,Matsugasaki,Italian,Cafe,3.07
807,Kyoumachishizuku  ,Kyoto,Izakaya (Tavern),Seafood,3.05
808,nihonshutoobanzainokyousakabamitoki  ,Shijo,Izakaya (Tavern),Kyoto Cuisine,3.12
809,Koudaijihashiba  ,Gion Shijo,Kyoto Cuisine,Tempura,3.23
810,Ryuunohige  ,Kyoto Shiyakusho Mae,Kyoto Cuisine,French,3.7
811,nikutowaimbaruwaraku  ,Kyoto,Bar,Spain,3.52
812,Kyoutogontaro  ,Kawaramachi,Udon Suki,Soba,3.59
813,Kuragarimasa  ,Gion Shijo,Dining bar,Motsu Nabe (Offel Hot Pot),3.44
814,Kirarazaka  ,Matsuiyamate,Izakaya (Tavern),Creative cuisine,3.08
815,Ryuumon  ,Higashiyama,Chinese,Sichuan Cuisine,3.09
816,Minamiyakankokushokudou  ,Shijo,Korean cuisine,Korean hot pot,3.09
817,Kyouya  ,Gion Shijo,Kaiseki (Traditional Japanese),Angler,3.04
818,Giwommorikou  ,Higashiyama,Cantonese Cuisine,Dim sum,3.5
819,Sakaguratamanohikari  ,Karasuma,Izakaya (Tavern),Mizutaki,3.05
820,Itsuraku  ,Gion Shijo,Izakaya (Tavern),Kyoto Cuisine,3.5
821,Teppen  ,Momoyamagoryomae,Okonomiyaki,Chow Mein Noodle,3.06
822,Nijou  ,Nijojo Mae,Teppanyaki,Steak,3.06
823,Giwontokiwa  ,Sanjo Keihan,Soba,Udon,3.6
824,Arufakafe  ,Sanjo,Dining bar,Bar,3.04
825,Kaiuntei  ,Ogura,Korean cuisine,Yakiniku (BBQ Beef),3.06
826,Bisutoroya  ,Kyoto,Izakaya (Tavern),Bistro,3
827,THE AGLIO GARDEN  ,Gion Shijo,Dining bar,Creative cuisine,3.03
828,Ichiyoshi  ,Kyotanabe,Yakiniku (BBQ Beef),Izakaya (Tavern),3.5
829,Yukari  ,Shijo,Chinese,Izakaya (Tavern),3.32
830,RH Cafe  ,Kawaramachi,Cafe,NA,3.39
831,Suiba  ,Kyoto Shiyakusho Mae,Stand Bar,Dining bar,3.55
832,menkiya  ,Kawaramachi,Ramen,Chinese,3.08
833,Kinkao  ,Shichijo,Thailand cooking,Thai Curry,3.55
834,Ujisoukokoro  ,Uji,Dining bar,Creative cuisine,3.07
835,Domadoma  ,Sanjo,Izakaya (Tavern),Yakitori (Grilled chicken),3.02
836,Chikyuuizakayashibuya  ,Nagitsuji,Izakaya (Tavern),Japanese food (other),3
837,Ginzaraion  ,Shijo,Dining bar,Beer,3.03
838,ORTO  ,Karasuma Oike,Innovative cuisine,Fusion cuisine,4.06
839,tsujiriheehonten  ,Uji,Parfait,Japan tea shoppe,3.54
840,Haroukithisaryou  ,Gion Shijo,Cafe,Kyoto Cuisine,3.53
841,Minamiyawagyuudou  ,Kitaoji,Yakiniku (BBQ Beef),Horumon (BBQ Offel),3.04
842,Toretatedaininguyagyuu  ,Narayama,Kaiseki (Traditional Japanese),Izakaya (Tavern),3.27
843,Itoudainingu  ,Gion Shijo,Teppanyaki,Steak,3.33
844,Saradanomisesancho  ,Fushimi Momoyama,Hamburger Steak,Western (Others),3.08
845,eruku  ,Kawaramachi,Pancake,Cafe,3.53
846,Teinojikafe  ,Kyoto Shiyakusho Mae,Cafe,Coffee shoppe,3.55
847,Sumibiyakitorikou  ,Kawaramachi,Yakitori (Grilled chicken),Izakaya (Tavern),3.02
848,Maboroshinochuukasobakatouyashijounibojirou  ,Shijo,Ramen,Chinese,3.51
849,Kyouryouriujigawaryokan  ,Uji,Ryokan,NA,3.04
850,Obanzaitatsunosuke  ,Kawaramachi,Japanese food (other),Izakaya (Tavern),3.3
851,kyounosozaiyatoku  ,Kujo,Izakaya (Tavern),Dining bar,3.07
852,Kankokusakuratei  ,Shijo,Yakiniku (BBQ Beef),Korean cuisine,3.16
853,Shisen  ,Kyoto,Sichuan Cuisine,Cantonese Cuisine,3.08
854,Barubera  ,Saiin,Italian,Pasta,3.09
855,Yubasen  ,Kokusaikaikan,Tofu,Yuba,3.51
856,Ibushigin  ,Sanjo,Izakaya (Tavern),Dining bar,3.06
857,Irujeko  ,Shijo,Italian,Pasta,3.52
858,Anju  ,Arashiyama,Tofu,Yuba,3
859,Genkiya  ,Nagaokakyo,Izakaya (Tavern),Seafood,3.23
860,Gohanya  ,Karasuma Oike,Izakaya (Tavern),Dining bar,3.05
861,Kyouwasabi  ,Fukakusa,Pork Shabu Shabu,Kyoto Cuisine,3.08
862,kyoutoebisuya  ,Kitaoji,Izakaya (Tavern),Oden,3
863,Rakudaya  ,Saiin,Genghis Khan (BBQ Rum),Motsu Nabe (Offel Hot Pot),3.06
864,Shouentei  ,Kiyomizu Gojo,Chinese,Ramen,3.14
865,Nishikihenkotsu  ,Kawaramachi,Yakiniku (BBQ Beef),Izakaya (Tavern),3.51
866,Gyuukimura  ,Nagitsuji,Yakiniku (BBQ Beef),Sukiyaki,3.06
867,Kafecherisshu  ,Marutamachi,Cafe,Sweets (and others),3.45
868,Masoho  ,Kyoto,Seafood,Robatayaki,3.35
869,Kamogawatakashi  ,Jingu Marutamachi,Yakiniku (BBQ Beef),Kaiseki (Traditional Japanese),3.59
870,IZAMA  ,Karasuma,Kyoto Cuisine,Creative cuisine,3.53
871,Kaisekihyouki  ,Karasuma Oike,Kappo (Traditional Japanese),Kyoto Cuisine,3.47
872,miyazakikenhyuugashitsukadanoujou  ,Sanjo,Izakaya (Tavern),Fowl,3.03
873,Kyounojiyasaiitariampacchokone  ,Kyoto,Italian,Pasta,3.03
874,Kabochanotane  ,Gion Shijo,Kappo (Traditional Japanese),Kyoto Cuisine,3.51
875,Giwonyakinikushige  ,Gion Shijo,Yakiniku (BBQ Beef),Shabu Shabu (Japanese Steamboat),3.06
876,Taruhachi  ,Mototanaka,Izakaya (Tavern),Ramen,3
877,THE BUFFET STYLE SARA  ,Shijo,Buffet style,Creative cuisine,3.12
878,Karafuneyakohiten  ,Kyoto Shiyakusho Mae,Traditional Café,Cafe,3.52
879,Arashiyamataniguchi  ,Arashiyama,Kaiseki (Traditional Japanese),Kyoto Cuisine,3.06
880,danieruzuaruba  ,Karasuma Oike,Italian,Dining bar,3.08
881,Giongyuuzen  ,Gion Shijo,Shabu Shabu (Japanese Steamboat),Sukiyaki,3.06
882,guridorufo-suitsuraku  ,Karasuma,Teppanyaki,Steak,3.06
883,Tatsumiya  ,Uji,Kyoto Cuisine,Hot Pot (other),3.07
884,Okonomiyakitonchinkan  ,Kyoto Shiyakusho Mae,Okonomiyaki,Monjya yaki,3.05
885,Kifuneugenta  ,Kurama,Kyoto Cuisine,Kaiseki (Traditional Japanese),3.54
886,teuchiudonishokuyabongu  ,Nishi Maizuru,Izakaya (Tavern),Udon,3.07
887,umaimonyaki sun  ,Gion Shijo,Yakitori (Grilled chicken),Motsu Nabe (Offel Hot Pot),3.03
888,Toritoyudoufuizakayaaogiya  ,Saiin,Izakaya (Tavern),Kyoto Cuisine,3.15
889,Menshoutakamatsu  ,Karasuma,Tsukemen,Ramen,3.58
890,Wayang Bali  ,Kyoto Shiyakusho Mae,Indonesia cuisine,NA,3.04
891,Waraku  ,Fukuchiyama,Izakaya (Tavern),Kaiseki (Traditional Japanese),3
892,YEBISU BAR  ,Kyoto,Beer bar,Bar,3.08
893,Ibushiginkazuya  ,Kawaramachi,Bar,Nihonshu (Japanese sake),3.36
894,Tenichi  ,Kyoto,Tempura,Ten-don (Tempura Bowl),3.51
895,Rakuzenkakinuma  ,Jingu Marutamachi,Kappo (Traditional Japanese),Kaiseki (Traditional Japanese),3.1
